date,location,new_confirmed,new_deceased,new_recovered,total_confirmed,total_deceased
2020-01-22,US_NY,0,0,0,0,0
2020-01-22,US_NY_NYC,0,0,0,0,0
2020-01-23,US_NY,0,0,0,0,0
2020-01-23,US_NY_NYC,0,0,0,0,0
2020-01-24,US_NY,0,0,0,0,0
2020-01-24,US_NY_NYC,0,0,0,0,0
2020-01-25,US_NY,0,0,0,0,0
2020-01-25,US_NY_NYC,0,0,0,0,0
2020-01-26,US_NY,0,0,0,0,0
2020-01-26,US_NY_NYC,0,0,0,0,0
2020-01-27,US_NY,0,0,0,0,0
2020-01-27,US_NY_NYC,0,0,0,0,0
2020-01-28,US_NY,0,0,0,0,0
2020-01-28,US_NY_NYC,0,0,0,0,0
2020-01-29,US_NY,0,0,0,0,0
2020-01-29,US_NY_NYC,0,0,0,0,0
2020-01-30,US_NY,0,0,0,0,0
2020-01-30,US_NY_NYC,0,0,0,0,0
2020-01-31,US_NY,0,0,0,0,0
2020-01-31,US_NY_NYC,0,0,0,0,0
2020-02-01,US_NY,0,0,0,0,0
2020-02-01,US_NY_NYC,0,0,0,0,0
2020-02-02,US_NY,0,0,0,0,0
2020-02-02,US_NY_NYC,0,0,0,0,0
2020-02-03,US_NY,0,0,0,0,0
2020-02-03,US_NY_NYC,0,0,0,0,0
2020-02-04,US_NY,0,0,0,0,0
2020-02-04,US_NY_NYC,0,0,0,0,0
2020-02-05,US_NY,0,0,0,0,0
2020-02-05,US_NY_NYC,0,0,0,0,0
2020-02-06,US_NY,0,0,0,0,0
2020-02-06,US_NY_NYC,0,0,0,0,0
2020-02-07,US_NY,0,0,0,0,0
2020-02-07,US_NY_NYC,0,0,0,0,0
2020-02-08,US_NY,0,0,0,0,0
2020-02-08,US_NY_NYC,0,0,0,0,0
2020-02-09,US_NY,0,0,0,0,0
2020-02-09,US_NY_NYC,0,0,0,0,0
2020-02-10,US_NY,0,0,0,0,0
2020-02-10,US_NY_NYC,0,0,0,0,0
2020-02-11,US_NY,0,0,0,0,0
2020-02-11,US_NY_NYC,0,0,0,0,0
2020-02-12,US_NY,0,0,0,0,0
2020-02-12,US_NY_NYC,0,0,0,0,0
2020-02-13,US_NY,0,0,0,0,0
2020-02-13,US_NY_NYC,0,0,0,0,0
2020-02-14,US_NY,0,0,0,0,0
2020-02-14,US_NY_NYC,0,0,0,0,0
2020-02-15,US_NY,0,0,0,0,0
2020-02-15,US_NY_NYC,0,0,0,0,0
2020-02-16,US_NY,0,0,0,0,0
2020-02-16,US_NY_NYC,0,0,0,0,0
2020-02-17,US_NY,0,0,0,0,0
2020-02-17,US_NY_NYC,0,0,0,0,0
2020-02-18,US_NY,0,0,0,0,0
2020-02-18,US_NY_NYC,0,0,0,0,0
2020-02-19,US_NY,0,0,0,0,0
2020-02-19,US_NY_NYC,0,0,0,0,0
2020-02-20,US_NY,0,0,0,0,0
2020-02-20,US_NY_NYC,0,0,0,0,0
2020-02-21,US_NY,0,0,0,0,0
2020-02-21,US_NY_NYC,0,0,0,0,0
2020-02-22,US_NY,0,0,0,0,0
2020-02-22,US_NY_NYC,0,0,0,0,0
2020-02-23,US_NY,0,0,0,0,0
2020-02-23,US_NY_NYC,0,0,0,0,0
2020-02-24,US_NY,0,0,0,0,0
2020-02-24,US_NY_NYC,0,0,0,0,0
2020-02-25,US_NY,0,0,0,0,0
2020-02-25,US_NY_NYC,0,0,0,0,0
2020-02-26,US_NY,0,0,0,0,0
2020-02-26,US_NY_NYC,0,0,0,0,0
2020-02-27,US_NY,0,0,0,0,0
2020-02-27,US_NY_NYC,0,0,0,0,0
2020-02-28,US_NY,0,0,0,0,0
2020-02-28,US_NY_NYC,0,0,0,0,0
2020-02-29,US_NY,0,0,0,0,0
2020-02-29,US_NY_NYC,1,0,0,1,0
2020-03-01,US_NY,0,0,0,1,0
2020-03-01,US_NY_NYC,0,0,0,1,0
2020-03-02,US_NY,0,0,0,0,0
2020-03-02,US_NY_NYC,0,0,0,1,0
2020-03-03,US_NY,1,0,0,1,0
2020-03-03,US_NY_NYC,1,0,0,2,0
2020-03-04,US_NY,0,0,0,1,0
2020-03-04,US_NY_NYC,5,0,0,7,0
2020-03-05,US_NY,2,0,0,3,0
2020-03-05,US_NY_NYC,3,0,0,10,0
2020-03-06,US_NY,22,0,0,25,0
2020-03-06,US_NY_NYC,8,0,0,18,0
2020-03-07,US_NY,11,0,0,36,0
2020-03-07,US_NY_NYC,7,0,0,25,0
2020-03-08,US_NY,24,0,0,60,0
2020-03-08,US_NY_NYC,21,0,0,46,0
2020-03-09,US_NY,28,0,0,88,0
2020-03-09,US_NY_NYC,57,0,0,103,0
2020-03-10,US_NY,63,0,0,151,0
2020-03-10,US_NY_NYC,69,0,0,172,0
2020-03-11,US_NY,44,0,0,195,0
2020-03-11,US_NY_NYC,155,1,0,327,1
2020-03-12,US_NY,56,0,0,251,0
2020-03-12,US_NY_NYC,355,0,0,682,1
2020-03-13,US_NY,102,0,0,353,0
2020-03-13,US_NY_NYC,619,0,0,1301,1
2020-03-14,US_NY,164,0,0,517,2
2020-03-14,US_NY_NYC,642,2,0,1943,3
2020-03-15,US_NY,131,3,0,648,3
2020-03-15,US_NY_NYC,1035,4,0,2978,7
2020-03-16,US_NY,294,4,0,942,7
2020-03-16,US_NY_NYC,2121,8,0,5099,15
2020-03-17,US_NY,432,0,0,1374,7
2020-03-17,US_NY_NYC,2452,8,0,7551,23
2020-03-18,US_NY,1009,5,0,2383,12
2020-03-18,US_NY_NYC,2970,20,0,10521,43
2020-03-19,US_NY,1769,0,0,4152,12
2020-03-19,US_NY_NYC,3705,24,0,14226,67
2020-03-20,US_NY,2950,23,0,7102,35
2020-03-20,US_NY_NYC,4006,47,0,18232,114
2020-03-21,US_NY,3254,9,0,10356,44
2020-03-21,US_NY_NYC,2639,44,0,20871,158
2020-03-22,US_NY,4812,70,0,15168,114
2020-03-22,US_NY_NYC,2580,49,0,23451,207
2020-03-23,US_NY,5707,0,0,20875,114
2020-03-23,US_NY_NYC,3570,82,0,27021,289
2020-03-24,US_NY,4790,96,0,25665,210
2020-03-24,US_NY_NYC,4498,95,0,31519,384
2020-03-25,US_NY,5145,75,0,30810,285
2020-03-25,US_NY_NYC,4875,124,0,36394,508
2020-03-26,US_NY,6448,100,0,37258,385
2020-03-26,US_NY_NYC,5044,186,0,41438,694
2020-03-27,US_NY,7379,134,0,44637,519
2020-03-27,US_NY_NYC,5119,218,0,46557,912
2020-03-28,US_NY,7681,209,0,52318,728
2020-03-28,US_NY_NYC,3479,273,0,50036,1185
2020-03-29,US_NY,7195,237,0,59513,965
2020-03-29,US_NY_NYC,3560,290,0,53596,1475
2020-03-30,US_NY,6984,253,0,66497,1218
2020-03-30,US_NY_NYC,6128,325,0,59724,1800
2020-03-31,US_NY,9298,332,0,75795,1550
2020-03-31,US_NY_NYC,5458,386,0,65182,2186
2020-04-01,US_NY,7917,391,0,83712,1941
2020-04-01,US_NY_NYC,5449,447,0,70631,2633
2020-04-02,US_NY,8669,432,0,92381,2373
2020-04-02,US_NY_NYC,5747,497,0,76378,3130
2020-04-03,US_NY,10482,562,0,102863,2935
2020-04-03,US_NY_NYC,5669,499,0,82047,3629
2020-04-04,US_NY,10841,630,0,113704,3565
2020-04-04,US_NY_NYC,3863,510,0,85910,4139
2020-04-05,US_NY,8327,594,0,122031,4159
2020-04-05,US_NY_NYC,3779,577,0,89689,4716
2020-04-06,US_NY,8658,599,0,130689,4758
2020-04-06,US_NY_NYC,6353,576,0,96042,5292
2020-04-07,US_NY,8174,731,0,138863,5489
2020-04-07,US_NY_NYC,6043,598,0,102085,5890
2020-04-08,US_NY,10453,779,0,149316,6268
2020-04-08,US_NY_NYC,5576,568,0,107661,6458
2020-04-09,US_NY,10621,799,0,159937,7067
2020-04-09,US_NY_NYC,5071,559,0,112732,7017
2020-04-10,US_NY,10575,777,0,170512,7844
2020-04-10,US_NY_NYC,4510,538,0,117242,7555
2020-04-11,US_NY,9946,783,0,180458,8627
2020-04-11,US_NY_NYC,3732,544,0,120974,8099
2020-04-12,US_NY,8236,758,0,188694,9385
2020-04-12,US_NY_NYC,2888,573,0,123862,8672
2020-04-13,US_NY,6337,671,0,195031,10056
2020-04-13,US_NY_NYC,3311,569,0,127173,9241
2020-04-14,US_NY,7177,778,0,202208,10834
2020-04-14,US_NY_NYC,4144,507,0,131317,9748
2020-04-15,US_NY,11571,752,0,213779,11586
2020-04-15,US_NY_NYC,3876,454,0,135193,10202
2020-04-16,US_NY,8505,606,0,222284,12192
2020-04-16,US_NY_NYC,3530,413,0,138723,10615
2020-04-17,US_NY,7358,630,0,229642,12822
2020-04-17,US_NY_NYC,3585,384,0,142308,10999
2020-04-18,US_NY,7090,540,0,236732,13362
2020-04-18,US_NY_NYC,2172,390,0,144480,11389
2020-04-19,US_NY,6054,507,0,242786,13869
2020-04-19,US_NY_NYC,2344,399,0,146824,11788
2020-04-20,US_NY,4726,478,0,247512,14347
2020-04-20,US_NY_NYC,3792,363,0,150616,12151
2020-04-21,US_NY,4178,481,0,251690,14828
2020-04-21,US_NY_NYC,3063,323,0,153679,12474
2020-04-22,US_NY,5526,474,0,257216,15302
2020-04-22,US_NY_NYC,3446,311,0,157125,12785
2020-04-23,US_NY,6244,438,0,263460,15740
2020-04-23,US_NY_NYC,2841,330,0,159966,13115
2020-04-24,US_NY,8130,422,0,271590,16162
2020-04-24,US_NY_NYC,2535,314,0,162501,13429
2020-04-25,US_NY,10553,437,0,282143,16599
2020-04-25,US_NY_NYC,1595,265,0,164096,13694
2020-04-26,US_NY,5902,367,0,288045,16966
2020-04-26,US_NY_NYC,1003,245,0,165099,13939
2020-04-27,US_NY,3951,337,0,291996,17303
2020-04-27,US_NY_NYC,2290,270,0,167389,14209
2020-04-28,US_NY,3110,335,0,295106,17638
2020-04-28,US_NY_NYC,2726,229,0,170115,14438
2020-04-29,US_NY,4585,377,0,299691,18015
2020-04-29,US_NY_NYC,2340,237,0,172455,14675
2020-04-30,US_NY,4681,306,0,304372,18321
2020-04-30,US_NY_NYC,2022,224,0,174477,14899
2020-05-01,US_NY,3942,289,0,308314,18610
2020-05-01,US_NY_NYC,1887,210,0,176364,15109
2020-05-02,US_NY,4663,299,0,312977,18909
2020-05-02,US_NY_NYC,1058,190,0,177422,15299
2020-05-03,US_NY,3438,280,0,316415,19189
2020-05-03,US_NY_NYC,787,177,0,178209,15476
2020-05-04,US_NY,2538,226,0,318953,19415
2020-05-04,US_NY_NYC,1549,158,0,179758,15634
2020-05-05,US_NY,2239,230,0,321192,19645
2020-05-05,US_NY_NYC,1512,151,0,181270,15785
2020-05-06,US_NY,2786,232,0,323978,19877
2020-05-06,US_NY_NYC,1398,151,0,182668,15936
2020-05-07,US_NY,3491,951,0,327469,20828
2020-05-07,US_NY_NYC,1239,142,0,183907,16078
2020-05-08,US_NY,2938,217,0,330407,21045
2020-05-08,US_NY_NYC,1080,131,0,184987,16209
2020-05-09,US_NY,2715,226,0,333122,21271
2020-05-09,US_NY_NYC,657,99,0,185644,16308
2020-05-10,US_NY,2273,207,0,335395,21478
2020-05-10,US_NY_NYC,457,103,0,186101,16411
2020-05-11,US_NY,1660,162,0,337055,21640
2020-05-11,US_NY_NYC,1232,104,0,187333,16515
2020-05-12,US_NY,1430,205,0,338485,21845
2020-05-12,US_NY_NYC,1285,90,0,188618,16605
2020-05-13,US_NY,2176,168,0,340661,22013
2020-05-13,US_NY_NYC,1333,83,0,189951,16688
2020-05-14,US_NY,2390,157,0,343051,22170
2020-05-14,US_NY_NYC,1110,70,0,191061,16758
2020-05-15,US_NY,2762,134,0,345813,22304
2020-05-15,US_NY_NYC,873,86,0,191934,16844
2020-05-16,US_NY,2419,174,0,348232,22478
2020-05-16,US_NY_NYC,485,84,0,192419,16928
2020-05-17,US_NY,1889,141,0,350121,22619
2020-05-17,US_NY_NYC,360,77,0,192779,17005
2020-05-18,US_NY,1250,110,0,351371,22729
2020-05-18,US_NY_NYC,895,59,0,193674,17064
2020-05-19,US_NY,1474,114,0,352845,22843
2020-05-19,US_NY_NYC,1003,55,0,194677,17119
2020-05-20,US_NY,1525,133,0,354370,22976
2020-05-20,US_NY_NYC,1077,79,0,195754,17198
2020-05-21,US_NY,2088,107,0,356458,23083
2020-05-21,US_NY_NYC,1069,45,0,196823,17243
2020-05-22,US_NY,1696,112,0,358154,23195
2020-05-22,US_NY_NYC,1036,66,0,197859,17309
2020-05-23,US_NY,1772,87,0,359926,23282
2020-05-23,US_NY_NYC,455,60,0,198314,17369
2020-05-24,US_NY,1589,109,0,361515,23391
2020-05-24,US_NY_NYC,467,48,0,198781,17417
2020-05-25,US_NY,1249,97,0,362764,23488
2020-05-25,US_NY_NYC,464,47,0,199245,17464
2020-05-26,US_NY,1072,76,0,363836,23564
2020-05-26,US_NY_NYC,1050,38,0,200295,17502
2020-05-27,US_NY,1129,79,0,364965,23643
2020-05-27,US_NY_NYC,741,48,0,201036,17550
2020-05-28,US_NY,1768,79,0,366733,23722
2020-05-28,US_NY_NYC,646,38,0,201682,17588
2020-05-29,US_NY,1551,58,0,368284,23780
2020-05-29,US_NY_NYC,639,43,0,202321,17631
2020-05-30,US_NY,1376,68,0,369660,23848
2020-05-30,US_NY_NYC,346,52,0,202667,17683
2020-05-31,US_NY,1110,57,0,370770,23905
2020-05-31,US_NY_NYC,230,39,0,202897,17722
2020-06-01,US_NY,941,54,0,371711,23959
2020-06-01,US_NY_NYC,686,35,0,203583,17757
2020-06-02,US_NY,1329,64,0,373040,24023
2020-06-02,US_NY_NYC,571,37,0,204154,17794
2020-06-03,US_NY,1045,56,0,374085,24079
2020-06-03,US_NY_NYC,515,43,0,204669,17837
2020-06-04,US_NY,1048,54,0,375133,24133
2020-06-04,US_NY_NYC,519,33,0,205188,17870
2020-06-05,US_NY,1075,42,0,376208,24175
2020-06-05,US_NY_NYC,402,28,0,205590,17898
2020-06-06,US_NY,1108,37,0,377316,24212
2020-06-06,US_NY_NYC,247,34,0,205837,17932
2020-06-07,US_NY,781,47,0,378097,24259
2020-06-07,US_NY_NYC,197,25,0,206034,17957
2020-06-08,US_NY,702,40,0,378799,24299
2020-06-08,US_NY_NYC,447,40,0,206481,17997
2020-06-09,US_NY,683,49,0,379482,24348
2020-06-09,US_NY_NYC,419,31,0,206900,18028
2020-06-10,US_NY,674,56,0,380156,24404
2020-06-10,US_NY_NYC,363,32,0,207263,18060
2020-06-11,US_NY,736,38,0,380892,24442
2020-06-11,US_NY_NYC,363,21,0,207626,18081
2020-06-12,US_NY,822,53,0,381714,24495
2020-06-12,US_NY_NYC,409,23,0,208035,18104
2020-06-13,US_NY,916,32,0,382630,24527
2020-06-13,US_NY_NYC,196,15,0,208231,18119
2020-06-14,US_NY,694,24,0,383324,24551
2020-06-14,US_NY_NYC,180,23,0,208411,18142
2020-06-15,US_NY,620,28,0,383944,24579
2020-06-15,US_NY_NYC,380,20,0,208791,18162
2020-06-16,US_NY,631,29,0,384575,24608
2020-06-16,US_NY_NYC,419,16,0,209210,18178
2020-06-17,US_NY,567,21,0,385142,24629
2020-06-17,US_NY_NYC,356,20,0,209566,18198
2020-06-18,US_NY,618,32,0,385760,24661
2020-06-18,US_NY_NYC,378,17,0,209944,18215
2020-06-19,US_NY,796,25,0,386556,24686
2020-06-19,US_NY_NYC,361,15,0,210305,18230
2020-06-20,US_NY,716,24,0,387272,24710
2020-06-20,US_NY_NYC,203,17,0,210508,18247
2020-06-21,US_NY,664,15,0,387936,24725
2020-06-21,US_NY_NYC,172,23,0,210680,18270
2020-06-22,US_NY,552,14,0,388488,24739
2020-06-22,US_NY_NYC,402,17,0,211082,18287
2020-06-23,US_NY,597,27,0,389085,24766
2020-06-23,US_NY_NYC,381,19,0,211463,18306
2020-06-24,US_NY,581,16,0,389666,24782
2020-06-24,US_NY_NYC,381,18,0,211844,18324
2020-06-25,US_NY,749,18,0,390415,24800
2020-06-25,US_NY_NYC,298,15,0,212142,18339
2020-06-26,US_NY,805,14,0,391220,24814
2020-06-26,US_NY_NYC,317,17,0,212459,18356
2020-06-27,US_NY,703,16,0,391923,24830
2020-06-27,US_NY_NYC,206,12,0,212665,18368
2020-06-28,US_NY,616,5,0,392539,24835
2020-06-28,US_NY_NYC,201,11,0,212866,18379
2020-06-29,US_NY,391,7,0,392930,24842
2020-06-29,US_NY_NYC,437,16,0,213303,18395
2020-06-30,US_NY,524,13,0,393454,24855
2020-06-30,US_NY_NYC,441,11,0,213744,18406
2020-07-01,US_NY,625,11,0,394079,24866
2020-07-01,US_NY_NYC,395,9,0,214139,18415
2020-07-02,US_NY,875,11,0,394954,24877
2020-07-02,US_NY_NYC,416,17,0,214555,18432
2020-07-03,US_NY,918,8,0,395872,24885
2020-07-03,US_NY_NYC,234,11,0,214789,18443
2020-07-04,US_NY,726,11,0,396598,24896
2020-07-04,US_NY_NYC,120,5,0,214909,18448
2020-07-05,US_NY,533,8,0,397131,24904
2020-07-05,US_NY_NYC,155,8,0,215064,18456
2020-07-06,US_NY,518,9,0,397649,24913
2020-07-06,US_NY_NYC,430,6,0,215494,18462
2020-07-07,US_NY,588,11,0,398237,24924
2020-07-07,US_NY_NYC,461,6,0,215955,18468
2020-07-08,US_NY,692,20,0,398929,24944
2020-07-08,US_NY_NYC,437,14,0,216392,18482
2020-07-09,US_NY,584,15,0,399513,24959
2020-07-09,US_NY_NYC,391,6,0,216783,18488
2020-07-10,US_NY,786,9,0,400299,24968
2020-07-10,US_NY_NYC,306,5,0,217089,18493
2020-07-11,US_NY,730,6,0,401029,24974
2020-07-11,US_NY_NYC,259,8,0,217348,18501
2020-07-12,US_NY,677,5,0,401706,24979
2020-07-12,US_NY_NYC,223,4,0,217571,18505
2020-07-13,US_NY,557,10,0,402263,24989
2020-07-13,US_NY_NYC,483,14,0,218054,18519
2020-07-14,US_NY,912,5,0,403175,24994
2020-07-14,US_NY_NYC,402,11,0,218456,18530
2020-07-15,US_NY,831,9,0,404006,25003
2020-07-15,US_NY_NYC,440,12,0,218896,18542
2020-07-16,US_NY,769,11,0,404775,25014
2020-07-16,US_NY_NYC,411,6,0,219307,18548
2020-07-17,US_NY,776,10,0,405551,25024
2020-07-17,US_NY_NYC,413,11,0,219720,18559
2020-07-18,US_NY,754,11,0,406305,25035
2020-07-18,US_NY_NYC,216,9,0,219936,18568
2020-07-19,US_NY,502,13,0,406807,25048
2020-07-19,US_NY_NYC,176,7,0,220112,18575
2020-07-20,US_NY,519,8,0,407326,25056
2020-07-20,US_NY_NYC,401,8,0,220513,18583
2020-07-21,US_NY,855,2,0,408181,25058
2020-07-21,US_NY_NYC,340,6,0,220853,18589
2020-07-22,US_NY,705,10,0,408886,25068
2020-07-22,US_NY_NYC,329,6,0,221182,18595
2020-07-23,US_NY,811,13,0,409697,25081
2020-07-23,US_NY_NYC,308,8,0,221490,18603
2020-07-24,US_NY,753,9,0,410450,25090
2020-07-24,US_NY_NYC,298,5,0,221788,18608
2020-07-25,US_NY,750,13,0,411200,25103
2020-07-25,US_NY_NYC,153,11,0,221941,18619
2020-07-26,US_NY,536,3,0,411736,25106
2020-07-26,US_NY_NYC,140,7,0,222081,18626
2020-07-27,US_NY,608,11,0,412344,25117
2020-07-27,US_NY_NYC,312,3,0,222393,18629
2020-07-28,US_NY,534,9,0,412878,25126
2020-07-28,US_NY_NYC,313,12,0,222706,18641
2020-07-29,US_NY,715,6,0,413593,25132
2020-07-29,US_NY_NYC,287,5,0,222993,18646
2020-07-30,US_NY,777,13,0,414370,25145
2020-07-30,US_NY_NYC,274,4,0,223267,18650
2020-07-31,US_NY,644,5,0,415014,25150
2020-07-31,US_NY_NYC,262,3,0,223529,18653
2020-08-01,US_NY,753,14,0,415767,25164
2020-08-01,US_NY_NYC,189,6,0,223718,18659
2020-08-02,US_NY,531,6,0,416298,25170
2020-08-02,US_NY_NYC,135,2,0,223853,18661
2020-08-03,US_NY,545,2,0,416843,25172
2020-08-03,US_NY_NYC,348,2,0,224201,18663
2020-08-04,US_NY,746,3,0,417589,25175
2020-08-04,US_NY_NYC,187,4,0,224388,18667
2020-08-05,US_NY,636,4,0,418225,25179
2020-08-05,US_NY_NYC,298,6,0,224686,18673
2020-08-06,US_NY,703,6,0,418928,25185
2020-08-06,US_NY_NYC,288,5,0,224974,18678
2020-08-07,US_NY,714,5,0,419642,25190
2020-08-07,US_NY_NYC,255,2,0,225229,18680
2020-08-08,US_NY,703,5,0,420345,25195
2020-08-08,US_NY_NYC,160,4,0,225389,18684
2020-08-09,US_NY,515,7,0,420860,25202
2020-08-09,US_NY_NYC,133,3,0,225522,18687
2020-08-10,US_NY,476,2,0,421336,25204
2020-08-10,US_NY_NYC,312,5,0,225834,18692
2020-08-11,US_NY,667,7,0,422003,25211
2020-08-11,US_NY_NYC,263,4,0,226097,18696
2020-08-12,US_NY,700,7,0,422703,25218
2020-08-12,US_NY_NYC,320,1,0,226417,18697
2020-08-13,US_NY,737,10,0,423440,25228
2020-08-13,US_NY_NYC,276,3,0,226693,18700
2020-08-14,US_NY,727,4,0,424167,25232
2020-08-14,US_NY_NYC,277,3,0,226970,18703
2020-08-15,US_NY,734,12,0,424901,25244
2020-08-15,US_NY_NYC,151,4,0,227121,18707
2020-08-16,US_NY,607,6,0,425508,25250
2020-08-16,US_NY_NYC,140,5,0,227261,18712
2020-08-17,US_NY,408,6,0,425916,25256
2020-08-17,US_NY_NYC,333,5,0,227594,18717
2020-08-18,US_NY,655,8,0,426571,25264
2020-08-18,US_NY_NYC,283,1,0,227877,18718
2020-08-19,US_NY,631,6,0,427202,25270
2020-08-19,US_NY_NYC,257,1,0,228134,18719
2020-08-20,US_NY,601,5,0,427803,25275
2020-08-20,US_NY_NYC,227,7,0,228361,18726
2020-08-21,US_NY,709,3,0,428512,25278
2020-08-21,US_NY_NYC,252,3,0,228613,18729
2020-08-22,US_NY,653,4,0,429165,25282
2020-08-22,US_NY_NYC,136,6,0,228749,18735
2020-08-23,US_NY,572,6,0,429737,25288
2020-08-23,US_NY_NYC,150,3,0,228899,18738
2020-08-24,US_NY,408,7,0,430145,25295
2020-08-24,US_NY_NYC,297,8,0,229196,18746
2020-08-25,US_NY,629,2,0,430774,25297
2020-08-25,US_NY_NYC,283,4,0,229479,18750
2020-08-26,US_NY,566,8,0,431340,25305
2020-08-26,US_NY_NYC,313,6,0,229792,18756
2020-08-27,US_NY,791,4,0,432131,25309
2020-08-27,US_NY_NYC,274,1,0,230066,18757
2020-08-28,US_NY,636,3,0,432767,25312
2020-08-28,US_NY_NYC,280,5,0,230346,18762
2020-08-29,US_NY,635,7,0,433402,25319
2020-08-29,US_NY_NYC,128,2,0,230474,18764
2020-08-30,US_NY,698,8,0,434100,25327
2020-08-30,US_NY_NYC,186,4,0,230660,18768
2020-08-31,US_NY,656,1,0,434756,25328
2020-08-31,US_NY_NYC,315,1,0,230975,18769
2020-09-01,US_NY,754,3,0,435510,25331
2020-09-01,US_NY_NYC,293,3,0,231268,18772
2020-09-02,US_NY,708,5,0,436218,25336
2020-09-02,US_NY_NYC,270,4,0,231538,18776
2020-09-03,US_NY,889,7,0,437107,25343
2020-09-03,US_NY_NYC,273,5,0,231811,18781
2020-09-04,US_NY,864,5,0,437971,25348
2020-09-04,US_NY_NYC,230,5,0,232041,18786
2020-09-05,US_NY,801,2,0,438772,25350
2020-09-05,US_NY_NYC,156,3,0,232197,18789
2020-09-06,US_NY,729,9,0,439501,25359
2020-09-06,US_NY_NYC,207,7,0,232404,18796
2020-09-07,US_NY,520,2,0,440021,25361
2020-09-07,US_NY_NYC,218,1,0,232622,18797
2020-09-08,US_NY,557,6,0,440578,25367
2020-09-08,US_NY_NYC,393,2,0,233015,18799
2020-09-09,US_NY,576,3,0,441154,25370
2020-09-09,US_NY_NYC,353,2,0,233368,18801
2020-09-10,US_NY,757,7,0,441911,25377
2020-09-10,US_NY_NYC,323,3,0,233691,18804
2020-09-11,US_NY,880,5,0,442791,25382
2020-09-11,US_NY_NYC,313,4,0,234004,18808
2020-09-12,US_NY,849,2,0,443640,25384
2020-09-12,US_NY_NYC,202,4,0,234206,18812
2020-09-13,US_NY,725,6,0,444365,25390
2020-09-13,US_NY_NYC,263,3,0,234469,18815
2020-09-14,US_NY,583,4,0,444948,25394
2020-09-14,US_NY_NYC,461,5,0,234930,18820
2020-09-15,US_NY,766,11,0,445714,25405
2020-09-15,US_NY_NYC,415,3,0,235345,18823
2020-09-16,US_NY,652,5,0,446366,25410
2020-09-16,US_NY_NYC,457,6,0,235802,18829
2020-09-17,US_NY,896,3,0,447262,25413
2020-09-17,US_NY_NYC,441,4,0,236243,18833
2020-09-18,US_NY,790,10,0,448052,25423
2020-09-18,US_NY_NYC,292,3,0,236535,18836
2020-09-19,US_NY,986,2,0,449038,25425
2020-09-19,US_NY_NYC,215,5,0,236750,18841
2020-09-20,US_NY,862,2,0,449900,25427
2020-09-20,US_NY_NYC,221,5,0,236971,18846
2020-09-21,US_NY,573,1,0,450473,25428
2020-09-21,US_NY_NYC,558,3,0,237529,18849
2020-09-22,US_NY,754,4,0,451227,25432
2020-09-22,US_NY_NYC,498,3,0,238027,18852
2020-09-23,US_NY,665,5,0,451892,25437
2020-09-23,US_NY_NYC,614,4,0,238641,18856
2020-09-24,US_NY,955,2,0,452847,25439
2020-09-24,US_NY_NYC,543,3,0,239184,18859
2020-09-25,US_NY,908,7,0,453755,25446
2020-09-25,US_NY_NYC,462,4,0,239646,18863
2020-09-26,US_NY,1005,4,0,454760,25450
2020-09-26,US_NY_NYC,280,5,0,239926,18868
2020-09-27,US_NY,866,6,0,455626,25456
2020-09-27,US_NY_NYC,382,2,0,240308,18870
2020-09-28,US_NY,834,12,0,456460,25468
2020-09-28,US_NY_NYC,435,3,0,240743,18873
2020-09-29,US_NY,1189,2,0,457649,25470
2020-09-29,US_NY_NYC,686,7,0,241429,18880
2020-09-30,US_NY,1000,9,0,458649,25479
2020-09-30,US_NY_NYC,584,8,0,242013,18888
2020-10-01,US_NY,1382,11,0,460031,25490
2020-10-01,US_NY_NYC,614,5,0,242627,18893
2020-10-02,US_NY,1598,7,0,461629,25497
2020-10-02,US_NY_NYC,597,3,0,243224,18896
2020-10-03,US_NY,1731,8,0,463360,25505
2020-10-03,US_NY_NYC,277,5,0,243501,18901
2020-10-04,US_NY,1222,14,0,464582,25519
2020-10-04,US_NY_NYC,335,7,0,243836,18908
2020-10-05,US_NY,933,8,0,465515,25527
2020-10-05,US_NY_NYC,765,0,0,244601,18908
2020-10-06,US_NY,1393,9,0,466908,25536
2020-10-06,US_NY_NYC,571,3,0,245172,18911
2020-10-07,US_NY,1360,9,0,468268,25545
2020-10-07,US_NY_NYC,542,4,0,245714,18915
2020-10-08,US_NY,1836,10,0,470104,25555
2020-10-08,US_NY_NYC,526,6,0,246240,18921
2020-10-09,US_NY,1592,6,0,471696,25561
2020-10-09,US_NY_NYC,524,2,0,246764,18923
2020-10-10,US_NY,1447,8,0,473143,25569
2020-10-10,US_NY_NYC,314,4,0,247078,18927
2020-10-11,US_NY,1143,5,0,474286,25574
2020-10-11,US_NY_NYC,281,7,0,247359,18934
2020-10-12,US_NY,1029,13,0,475315,25587
2020-10-12,US_NY_NYC,514,8,0,247873,18942
2020-10-13,US_NY,1393,11,0,476708,25598
2020-10-13,US_NY_NYC,589,5,0,248462,18947
2020-10-14,US_NY,1232,7,0,477940,25605
2020-10-14,US_NY_NYC,582,6,0,249044,18953
2020-10-15,US_NY,1460,13,0,479400,25618
2020-10-15,US_NY_NYC,604,8,0,249648,18961
2020-10-16,US_NY,1707,10,0,481107,25628
2020-10-16,US_NY_NYC,502,7,0,250150,18968
2020-10-17,US_NY,1784,9,0,482891,25637
2020-10-17,US_NY_NYC,365,5,0,250515,18973
2020-10-18,US_NY,1390,7,0,484281,25644
2020-10-18,US_NY_NYC,413,4,0,250928,18977
2020-10-19,US_NY,998,15,0,485279,25659
2020-10-19,US_NY_NYC,626,7,0,251554,18984
2020-10-20,US_NY,1201,13,0,486480,25672
2020-10-20,US_NY_NYC,601,5,0,252155,18989
2020-10-21,US_NY,2026,7,0,488506,25679
2020-10-21,US_NY_NYC,653,5,0,252808,18994
2020-10-22,US_NY,1628,15,0,490134,25694
2020-10-22,US_NY_NYC,759,3,0,253567,18997
2020-10-23,US_NY,1637,11,0,491771,25705
2020-10-23,US_NY_NYC,601,4,0,254168,19001
2020-10-24,US_NY,2061,13,0,493832,25718
2020-10-24,US_NY_NYC,386,1,0,254554,19002
2020-10-25,US_NY,1632,12,0,495464,25730
2020-10-25,US_NY_NYC,361,9,0,254915,19011
2020-10-26,US_NY,1191,12,0,496655,25742
2020-10-26,US_NY_NYC,694,4,0,255609,19015
2020-10-27,US_NY,1991,16,0,498646,25758
2020-10-27,US_NY_NYC,740,8,0,256349,19023
2020-10-28,US_NY,2031,15,0,500677,25773
2020-10-28,US_NY_NYC,783,4,0,257132,19027
2020-10-29,US_NY,2499,19,0,503176,25792
2020-10-29,US_NY_NYC,621,4,0,257753,19031
2020-10-30,US_NY,2255,12,0,505431,25804
2020-10-30,US_NY_NYC,653,10,0,258406,19041
2020-10-31,US_NY,2049,3,0,507480,25807
2020-10-31,US_NY_NYC,403,4,0,258809,19045
2020-11-01,US_NY,2255,17,0,509735,25824
2020-11-01,US_NY_NYC,501,12,0,259310,19057
2020-11-02,US_NY,1633,14,0,511368,25838
2020-11-02,US_NY_NYC,953,10,0,260263,19067
2020-11-03,US_NY,2321,15,0,513689,25853
2020-11-03,US_NY_NYC,903,12,0,261166,19079
2020-11-04,US_NY,2126,15,0,515815,25868
2020-11-04,US_NY_NYC,1112,9,0,262278,19088
2020-11-05,US_NY,2997,24,0,518812,25892
2020-11-05,US_NY_NYC,1139,9,0,263417,19097
2020-11-06,US_NY,3209,18,0,522021,25910
2020-11-06,US_NY_NYC,1036,10,0,264453,19107
2020-11-07,US_NY,3587,18,0,525608,25928
2020-11-07,US_NY_NYC,845,13,0,265298,19120
2020-11-08,US_NY,3428,19,0,529036,25947
2020-11-08,US_NY_NYC,788,8,0,266086,19128
2020-11-09,US_NY,3144,26,0,532180,25973
2020-11-09,US_NY_NYC,1545,5,0,267631,19133
2020-11-10,US_NY,3965,32,0,536145,26005
2020-11-10,US_NY_NYC,1598,8,0,269229,19141
2020-11-11,US_NY,4820,21,0,540965,26026
2020-11-11,US_NY_NYC,1538,9,0,270767,19150
2020-11-12,US_NY,4797,29,0,545762,26055
2020-11-12,US_NY_NYC,1501,16,0,272268,19166
2020-11-13,US_NY,5401,24,0,551163,26079
2020-11-13,US_NY_NYC,1495,6,0,273763,19172
2020-11-14,US_NY,5388,24,0,556551,26103
2020-11-14,US_NY_NYC,1026,9,0,274789,19181
2020-11-15,US_NY,3649,30,0,560200,26133
2020-11-15,US_NY_NYC,896,14,0,275685,19195
2020-11-16,US_NY,3490,26,0,563690,26159
2020-11-16,US_NY_NYC,1832,10,0,277517,19205
2020-11-17,US_NY,5088,30,0,568778,26189
2020-11-17,US_NY_NYC,1730,10,0,279247,19215
2020-11-18,US_NY,5294,36,0,574072,26225
2020-11-18,US_NY_NYC,1753,10,0,281000,19225
2020-11-19,US_NY,5310,32,0,579382,26257
2020-11-19,US_NY_NYC,1857,9,0,282857,19234
2020-11-20,US_NY,5468,35,0,584850,26292
2020-11-20,US_NY_NYC,1772,7,0,284629,19241
2020-11-21,US_NY,5972,34,0,590822,26326
2020-11-21,US_NY_NYC,1291,11,0,285920,19252
2020-11-22,US_NY,5392,31,0,596214,26357
2020-11-22,US_NY_NYC,1147,10,0,287067,19262
2020-11-23,US_NY,5906,33,0,602120,26390
2020-11-23,US_NY_NYC,2315,14,0,289382,19276
2020-11-24,US_NY,4881,51,0,607001,26441
2020-11-24,US_NY_NYC,2072,16,0,291454,19292
2020-11-25,US_NY,6265,41,0,613266,26482
2020-11-25,US_NY_NYC,2369,13,0,293823,19305
2020-11-26,US_NY,6933,67,0,620199,26549
2020-11-26,US_NY_NYC,807,7,0,294630,19312
2020-11-27,US_NY,8176,39,0,628375,26588
2020-11-27,US_NY_NYC,2296,15,0,296926,19327
2020-11-28,US_NY,6063,44,0,634438,26632
2020-11-28,US_NY_NYC,1786,14,0,298712,19341
2020-11-29,US_NY,6723,58,0,641161,26690
2020-11-29,US_NY_NYC,1728,15,0,300440,19356
2020-11-30,US_NY,6819,57,0,647980,26747
2020-11-30,US_NY_NYC,2802,18,0,303242,19374
2020-12-01,US_NY,7285,69,0,655265,26816
2020-12-01,US_NY_NYC,3137,20,0,306379,19394
2020-12-02,US_NY,8973,73,0,664238,26889
2020-12-02,US_NY_NYC,3007,27,0,309386,19421
2020-12-03,US_NY,9855,66,0,674093,26955
2020-12-03,US_NY_NYC,2876,18,0,312262,19439
2020-12-04,US_NY,11271,62,0,685364,27017
2020-12-04,US_NY_NYC,2809,26,0,315071,19465
2020-12-05,US_NY,10761,72,0,696125,27089
2020-12-05,US_NY_NYC,1884,23,0,316955,19488
2020-12-06,US_NY,9702,60,0,705827,27149
2020-12-06,US_NY_NYC,1754,21,0,318709,19509
2020-12-07,US_NY,7302,83,0,713129,27232
2020-12-07,US_NY_NYC,3302,19,0,322011,19528
2020-12-08,US_NY,9335,75,0,722464,27307
2020-12-08,US_NY_NYC,3060,22,0,325071,19550
2020-12-09,US_NY,10600,97,0,733064,27404
2020-12-09,US_NY_NYC,3107,27,0,328178,19577
2020-12-10,US_NY,10178,94,0,743242,27498
2020-12-10,US_NY_NYC,3148,25,0,331326,19602
2020-12-11,US_NY,10595,89,0,753837,27587
2020-12-11,US_NY_NYC,2976,30,0,334302,19632
2020-12-12,US_NY,11129,88,0,764966,27675
2020-12-12,US_NY_NYC,2206,34,0,336508,19666
2020-12-13,US_NY,10194,110,0,775160,27785
2020-12-13,US_NY_NYC,2176,26,0,338684,19692
2020-12-14,US_NY,9044,85,0,784204,27870
2020-12-14,US_NY_NYC,3576,30,0,342260,19722
2020-12-15,US_NY,10353,132,0,794557,28002
2020-12-15,US_NY_NYC,3679,32,0,345939,19754
2020-12-16,US_NY,9998,98,0,804555,28100
2020-12-16,US_NY_NYC,2783,39,0,348722,19793
2020-12-17,US_NY,10914,122,0,815469,28222
2020-12-17,US_NY_NYC,1923,35,0,350645,19828
2020-12-18,US_NY,12697,122,0,828166,28344
2020-12-18,US_NY_NYC,3428,39,0,354073,19867
2020-12-19,US_NY,9919,130,0,838085,28474
2020-12-19,US_NY_NYC,2555,31,0,356628,19898
2020-12-20,US_NY,9957,124,0,848042,28598
2020-12-20,US_NY_NYC,2348,29,0,358976,19927
2020-12-21,US_NY,9007,111,0,857049,28709
2020-12-21,US_NY_NYC,4335,41,0,363311,19968
2020-12-22,US_NY,9716,141,0,866765,28850
2020-12-22,US_NY_NYC,4097,53,0,367408,20021
2020-12-23,US_NY,11937,166,0,878702,29016
2020-12-23,US_NY_NYC,3844,39,0,371252,20060
2020-12-24,US_NY,12568,133,0,891270,29149
2020-12-24,US_NY_NYC,3012,39,0,374264,20099
2020-12-25,US_NY,12446,121,0,903716,29270
2020-12-25,US_NY_NYC,1046,39,0,375310,20138
2020-12-26,US_NY,10806,126,0,914522,29396
2020-12-26,US_NY_NYC,3453,37,0,378763,20175
2020-12-27,US_NY,7623,115,0,922145,29511
2020-12-27,US_NY_NYC,2886,44,0,381649,20219
2020-12-28,US_NY,10407,118,0,932552,29629
2020-12-28,US_NY_NYC,5387,43,0,387036,20262
2020-12-29,US_NY,11438,127,0,943990,29756
2020-12-29,US_NY_NYC,5204,50,0,392240,20312
2020-12-30,US_NY,13422,149,0,957412,29905
2020-12-30,US_NY_NYC,4982,40,0,397222,20352
2020-12-31,US_NY,16802,135,0,974214,30040
2020-12-31,US_NY_NYC,3390,41,0,400612,20393
2021-01-01,US_NY,16497,168,0,990711,30208
2021-01-01,US_NY_NYC,1336,36,0,401948,20429
2021-01-02,US_NY,15074,129,0,1005785,30337
2021-01-02,US_NY_NYC,4187,57,0,406135,20486
2021-01-03,US_NY,11368,139,0,1017153,30476
2021-01-03,US_NY_NYC,3453,38,0,409588,20524
2021-01-04,US_NY,11209,172,0,1028362,30648
2021-01-04,US_NY_NYC,6589,61,0,416177,20585
2021-01-05,US_NY,12666,154,0,1041028,30802
2021-01-05,US_NY_NYC,6149,65,0,422326,20650
2021-01-06,US_NY,16648,163,0,1057676,30965
2021-01-06,US_NY_NYC,5675,59,0,428001,20709
2021-01-07,US_NY,17636,199,0,1075312,31164
2021-01-07,US_NY_NYC,5432,52,0,433433,20761
2021-01-08,US_NY,18832,165,0,1094144,31329
2021-01-08,US_NY_NYC,5293,61,0,438726,20822
2021-01-09,US_NY,16943,190,0,1111087,31519
2021-01-09,US_NY_NYC,3689,72,0,442415,20894
2021-01-10,US_NY,15355,153,0,1126442,31672
2021-01-10,US_NY_NYC,3198,52,0,445613,20946
2021-01-11,US_NY,13714,169,0,1140156,31841
2021-01-11,US_NY_NYC,5907,59,0,451520,21005
2021-01-12,US_NY,15214,166,0,1155370,32007
2021-01-12,US_NY_NYC,5231,74,0,456751,21079
2021-01-13,US_NY,14577,168,0,1169947,32175
2021-01-13,US_NY_NYC,5172,67,0,461923,21146
2021-01-14,US_NY,13661,204,0,1183608,32379
2021-01-14,US_NY_NYC,5258,65,0,467181,21211
2021-01-15,US_NY,19942,187,0,1203550,32566
2021-01-15,US_NY_NYC,4837,63,0,472018,21274
2021-01-16,US_NY,15998,159,0,1219548,32725
2021-01-16,US_NY_NYC,3478,66,0,475496,21340
2021-01-17,US_NY,13842,172,0,1233390,32897
2021-01-17,US_NY_NYC,2918,56,0,478414,21396
2021-01-18,US_NY,12185,155,0,1245575,33052
2021-01-18,US_NY_NYC,4641,74,0,483055,21470
2021-01-19,US_NY,12512,172,0,1258087,33224
2021-01-19,US_NY_NYC,5141,82,0,488196,21552
2021-01-20,US_NY,13364,191,0,1271451,33415
2021-01-20,US_NY_NYC,4904,74,0,493100,21626
2021-01-21,US_NY,13886,179,0,1285337,33594
2021-01-21,US_NY_NYC,4938,63,0,498038,21689
2021-01-22,US_NY,15144,169,0,1300481,33763
2021-01-22,US_NY_NYC,4709,80,0,502747,21769
2021-01-23,US_NY,13786,144,0,1314267,33907
2021-01-23,US_NY_NYC,3274,78,0,506021,21847
2021-01-24,US_NY,12720,162,0,1326987,34069
2021-01-24,US_NY_NYC,2855,67,0,508876,21914
2021-01-25,US_NY,12003,173,0,1338990,34242
2021-01-25,US_NY_NYC,5659,65,0,514535,21979
2021-01-26,US_NY,11064,165,0,1350054,34407
2021-01-26,US_NY_NYC,4691,78,0,519226,22057
2021-01-27,US_NY,11028,172,0,1361082,34579
2021-01-27,US_NY_NYC,4780,90,0,524006,22147
2021-01-28,US_NY,13398,163,0,1374480,34742
2021-01-28,US_NY_NYC,4673,86,0,528679,22233
2021-01-29,US_NY,12579,151,0,1387059,34893
2021-01-29,US_NY_NYC,3670,88,0,532349,22321
2021-01-30,US_NY,12804,143,0,1399863,35036
2021-01-30,US_NY_NYC,2857,79,0,535206,22400
2021-01-31,US_NY,10793,142,0,1410656,35178
2021-01-31,US_NY_NYC,2891,74,0,538097,22474
2021-02-01,US_NY,8508,141,0,1419164,35319
2021-02-01,US_NY_NYC,975,65,0,539072,22539
2021-02-02,US_NY,8215,147,0,1427379,35466
2021-02-02,US_NY_NYC,2660,77,0,541732,22616
2021-02-03,US_NY,5925,165,0,1433304,35631
2021-02-03,US_NY_NYC,5143,75,0,546875,22691
2021-02-04,US_NY,7414,136,0,1440718,35767
2021-02-04,US_NY_NYC,4856,90,0,551731,22781
2021-02-05,US_NY,8777,153,0,1449495,35920
2021-02-05,US_NY_NYC,4157,82,0,555888,22863
2021-02-06,US_NY,11252,159,0,1460747,36079
2021-02-06,US_NY_NYC,3079,77,0,558967,22940
2021-02-07,US_NY,10025,145,0,1470772,36224
2021-02-07,US_NY_NYC,1647,78,0,560614,23018
2021-02-08,US_NY,8448,115,0,1479220,36339
2021-02-08,US_NY_NYC,4430,82,0,565044,23100
2021-02-09,US_NY,7866,142,0,1487086,36481
2021-02-09,US_NY_NYC,3730,71,0,568774,23171
2021-02-10,US_NY,7101,138,0,1494187,36619
2021-02-10,US_NY_NYC,3778,79,0,572552,23250
2021-02-11,US_NY,10099,124,0,1504286,36743
2021-02-11,US_NY_NYC,3411,96,0,575963,23346
2021-02-12,US_NY,8404,139,0,1512690,36882
2021-02-12,US_NY_NYC,3313,82,0,579276,23428
2021-02-13,US_NY,8763,127,0,1521453,37009
2021-02-13,US_NY_NYC,2204,82,0,581480,23510
2021-02-14,US_NY,8316,109,0,1529769,37118
2021-02-14,US_NY_NYC,1896,80,0,583376,23590
2021-02-15,US_NY,6365,103,0,1536134,37221
2021-02-15,US_NY_NYC,2857,84,0,586233,23674
2021-02-16,US_NY,6753,107,0,1542887,37328
2021-02-16,US_NY_NYC,3724,85,0,589957,23759
2021-02-17,US_NY,6092,112,0,1548979,37440
2021-02-17,US_NY_NYC,3438,81,0,593395,23840
2021-02-18,US_NY,6794,116,0,1555773,37556
2021-02-18,US_NY_NYC,2047,54,0,595442,23894
2021-02-19,US_NY,8710,119,0,1564483,37675
2021-02-19,US_NY_NYC,3018,57,0,598460,23951
2021-02-20,US_NY,7692,101,0,1572175,37776
2021-02-20,US_NY_NYC,2494,69,0,600954,24020
2021-02-21,US_NY,6610,75,0,1578785,37851
2021-02-21,US_NY_NYC,2287,59,0,603241,24079
2021-02-22,US_NY,6146,90,0,1584931,37941
2021-02-22,US_NY_NYC,3615,74,0,606856,24153
2021-02-23,US_NY,6654,90,0,1591585,38031
2021-02-23,US_NY_NYC,3473,73,0,610329,24226
2021-02-24,US_NY,6189,104,0,1597774,38135
2021-02-24,US_NY_NYC,3461,79,0,613790,24305
2021-02-25,US_NY,8746,92,0,1606520,38227
2021-02-25,US_NY_NYC,3480,74,0,617270,24379
2021-02-26,US_NY,8204,94,0,1614724,38321
2021-02-26,US_NY_NYC,3239,71,0,620509,24450
2021-02-27,US_NY,8141,86,0,1622865,38407
2021-02-27,US_NY_NYC,2015,66,0,622524,24516
2021-02-28,US_NY,7580,90,0,1630445,38497
2021-02-28,US_NY_NYC,2038,68,0,624562,24584
2021-03-01,US_NY,6235,80,0,1636680,38577
2021-03-01,US_NY_NYC,3725,62,0,628287,24646
2021-03-02,US_NY,5800,83,0,1642480,38660
2021-03-02,US_NY_NYC,3109,53,0,631396,24699
2021-03-03,US_NY,7704,75,0,1650184,38735
2021-03-03,US_NY_NYC,3241,72,0,634637,24771
2021-03-04,US_NY,7593,61,0,1657777,38796
2021-03-04,US_NY_NYC,3117,62,0,637754,24833
2021-03-05,US_NY,8956,95,0,1666733,38891
2021-03-05,US_NY_NYC,2886,54,0,640640,24887
2021-03-06,US_NY,7647,79,0,1674380,38970
2021-03-06,US_NY_NYC,2044,56,0,642684,24943
2021-03-07,US_NY,6789,59,0,1681169,39029
2021-03-07,US_NY_NYC,1877,61,0,644561,25004
2021-03-08,US_NY,5440,64,0,1700348,47921
2021-03-08,US_NY_NYC,3399,68,0,647960,25072
2021-03-09,US_NY,6833,79,0,1707181,48000
2021-03-09,US_NY_NYC,3339,71,0,651299,25143
2021-03-10,US_NY,6106,92,0,1713287,48092
2021-03-10,US_NY_NYC,3203,62,0,654502,25205
2021-03-11,US_NY,7169,116,0,1720456,48208
2021-03-11,US_NY_NYC,3106,56,0,657608,25261
2021-03-12,US_NY,8444,69,0,1728900,48277
2021-03-12,US_NY_NYC,3203,73,0,660811,25334
2021-03-13,US_NY,6033,93,0,1734933,48370
2021-03-13,US_NY_NYC,2175,63,0,662986,25397
2021-03-14,US_NY,6687,105,0,1741620,48475
2021-03-14,US_NY_NYC,1923,40,0,664909,25437
2021-03-15,US_NY,7119,62,0,1748739,48537
2021-03-15,US_NY_NYC,3392,44,0,668301,25481
2021-03-16,US_NY,6711,87,0,1755450,48624
2021-03-16,US_NY_NYC,3196,65,0,671497,25546
2021-03-17,US_NY,6582,62,0,1762032,48686
2021-03-17,US_NY_NYC,3170,45,0,674667,25591
2021-03-18,US_NY,5515,87,0,1767547,48773
2021-03-18,US_NY_NYC,2915,59,0,677582,25650
2021-03-19,US_NY,5077,75,0,1772624,48848
2021-03-19,US_NY_NYC,3048,45,0,680630,25695
2021-03-20,US_NY,6667,68,0,1779291,48916
2021-03-20,US_NY_NYC,2157,49,0,682787,25744
2021-03-21,US_NY,3735,26,0,1783026,48942
2021-03-21,US_NY_NYC,2090,50,0,684877,25794
2021-03-22,US_NY,4908,17,0,1787934,48959
2021-03-22,US_NY_NYC,3880,55,0,688757,25849
2021-03-23,US_NY,6801,18,0,1794735,48977
2021-03-23,US_NY_NYC,3250,54,0,692007,25903
2021-03-24,US_NY,20184,254,0,1814919,49231
2021-03-24,US_NY_NYC,3453,41,0,695460,25944
2021-03-25,US_NY,8683,74,0,1823602,49305
2021-03-25,US_NY_NYC,3798,70,0,699258,26014
2021-03-26,US_NY,8003,58,0,1831605,49363
2021-03-26,US_NY_NYC,3418,64,0,702676,26078
2021-03-27,US_NY,8733,83,0,1840338,49446
2021-03-27,US_NY_NYC,2223,52,0,704899,26130
2021-03-28,US_NY,8852,91,0,1849190,49537
2021-03-28,US_NY_NYC,1751,57,0,706650,26187
2021-03-29,US_NY,8972,111,0,1858162,49648
2021-03-29,US_NY_NYC,3557,48,0,710207,26235
2021-03-30,US_NY,5750,48,0,1863912,49696
2021-03-30,US_NY_NYC,3186,42,0,713393,26277
2021-03-31,US_NY,7683,94,0,1871595,49790
2021-03-31,US_NY_NYC,3185,61,0,716578,26338
2021-04-01,US_NY,9173,82,0,1880768,49872
2021-04-01,US_NY_NYC,2866,57,0,719444,26395
2021-04-02,US_NY,8055,74,0,1888823,49946
2021-04-02,US_NY_NYC,2618,54,0,722062,26449
2021-04-03,US_NY,7711,96,0,1896534,50042
2021-04-03,US_NY_NYC,2049,48,0,724111,26497
2021-04-04,US_NY,7607,82,0,1904141,50124
2021-04-04,US_NY_NYC,1468,47,0,725579,26544
2021-04-05,US_NY,6717,71,0,1910858,50195
2021-04-05,US_NY_NYC,3269,52,0,728848,26596
2021-04-06,US_NY,6106,44,0,1916964,50239
2021-04-06,US_NY_NYC,3003,46,0,731851,26642
2021-04-07,US_NY,6450,93,0,1923414,50332
2021-04-07,US_NY_NYC,2764,44,0,734615,26686
2021-04-08,US_NY,8731,56,0,1932145,50388
2021-04-08,US_NY_NYC,2572,54,0,737187,26740
2021-04-09,US_NY,8558,77,0,1940703,50465
2021-04-09,US_NY_NYC,2469,54,0,739656,26794
2021-04-10,US_NY,7529,62,0,1948232,50527
2021-04-10,US_NY_NYC,1723,49,0,741379,26843
2021-04-11,US_NY,6577,83,0,1954809,50610
2021-04-11,US_NY_NYC,1315,53,0,742694,26896
2021-04-12,US_NY,5758,83,0,1960567,50693
2021-04-12,US_NY_NYC,2534,41,0,745228,26937
2021-04-13,US_NY,5043,52,0,1965610,50745
2021-04-13,US_NY_NYC,2362,37,0,747590,26974
2021-04-14,US_NY,6000,94,0,1971610,50839
2021-04-14,US_NY_NYC,2241,35,0,749831,27009
2021-04-15,US_NY,6984,73,0,1978594,50912
2021-04-15,US_NY_NYC,2015,41,0,751846,27050
2021-04-16,US_NY,6290,53,0,1984884,50965
2021-04-16,US_NY_NYC,1837,31,0,753683,27081
2021-04-17,US_NY,6387,69,0,1991271,51034
2021-04-17,US_NY_NYC,1275,35,0,754958,27116
2021-04-18,US_NY,5605,43,0,1996876,51077
2021-04-18,US_NY_NYC,1055,35,0,756013,27151
2021-04-19,US_NY,5177,45,0,2002053,51122
2021-04-19,US_NY_NYC,1881,40,0,757894,27191
2021-04-20,US_NY,4659,61,0,2006712,51183
2021-04-20,US_NY_NYC,1603,35,0,759497,27226
2021-04-21,US_NY,4255,45,0,2010967,51228
2021-04-21,US_NY_NYC,1416,35,0,760913,27261
2021-04-22,US_NY,5277,71,0,2016244,51299
2021-04-22,US_NY_NYC,1361,41,0,762274,27302
2021-04-23,US_NY,4850,62,0,2021094,51361
2021-04-23,US_NY_NYC,1290,47,0,763564,27349
2021-04-24,US_NY,4163,58,0,2025257,51419
2021-04-24,US_NY_NYC,852,29,0,764416,27378
2021-04-25,US_NY,4050,52,0,2029307,51471
2021-04-25,US_NY_NYC,757,25,0,765173,27403
2021-04-26,US_NY,3018,40,0,2032325,51511
2021-04-26,US_NY_NYC,1367,30,0,766540,27433
2021-04-27,US_NY,3343,76,0,2035668,51587
2021-04-27,US_NY_NYC,1138,31,0,767678,27464
2021-04-28,US_NY,3000,21,0,2038668,51608
2021-04-28,US_NY_NYC,1215,29,0,768893,27493
2021-04-29,US_NY,3862,69,0,2042530,51677
2021-04-29,US_NY_NYC,1054,31,0,769947,27524
2021-04-30,US_NY,3792,51,0,2046322,51728
2021-04-30,US_NY_NYC,963,38,0,770910,27562
2021-05-01,US_NY,3852,63,0,2050174,51791
2021-05-01,US_NY_NYC,577,30,0,771487,27592
2021-05-02,US_NY,2853,39,0,2053027,51830
2021-05-02,US_NY_NYC,569,29,0,772056,27621
2021-05-03,US_NY,2440,59,0,2055467,51889
2021-05-03,US_NY_NYC,935,23,0,772991,27644
2021-05-04,US_NY,2234,60,0,2057701,51949
2021-05-04,US_NY_NYC,877,27,0,773868,27671
2021-05-05,US_NY,2374,56,0,2060075,52005
2021-05-05,US_NY_NYC,779,26,0,774647,27697
2021-05-06,US_NY,2632,33,0,2062707,52038
2021-05-06,US_NY_NYC,785,27,0,775432,27724
2021-05-07,US_NY,2465,39,0,2065172,52077
2021-05-07,US_NY_NYC,715,37,0,776147,27761
2021-05-08,US_NY,3028,41,0,2068200,52118
2021-05-08,US_NY_NYC,383,24,0,776530,27785
2021-05-09,US_NY,2403,37,0,2070603,52155
2021-05-09,US_NY_NYC,344,26,0,776874,27811
2021-05-10,US_NY,1661,37,0,2072264,52192
2021-05-10,US_NY_NYC,654,28,0,777528,27839
2021-05-11,US_NY,1449,42,0,2073713,52234
2021-05-11,US_NY_NYC,629,21,0,778157,27860
2021-05-12,US_NY,2044,57,0,2075757,52291
2021-05-12,US_NY_NYC,594,18,0,778751,27878
2021-05-13,US_NY,2204,41,0,2077961,52332
2021-05-13,US_NY_NYC,516,25,0,779267,27903
2021-05-14,US_NY,2039,34,0,2080000,52366
2021-05-14,US_NY_NYC,486,28,0,779753,27931
2021-05-15,US_NY,1761,11,0,2081761,52377
2021-05-15,US_NY_NYC,292,9,0,780045,27940
2021-05-16,US_NY,1888,40,0,2083649,52417
2021-05-16,US_NY_NYC,279,16,0,780324,27956
2021-05-17,US_NY,1379,32,0,2085028,52449
2021-05-17,US_NY_NYC,453,16,0,780777,27972
2021-05-18,US_NY,1549,31,0,2086577,52480
2021-05-18,US_NY_NYC,415,13,0,781192,27985
2021-05-19,US_NY,1323,25,0,2087900,52505
2021-05-19,US_NY_NYC,378,14,0,781570,27999
2021-05-20,US_NY,1647,26,0,2089547,52531
2021-05-20,US_NY_NYC,395,14,0,781965,28013
2021-05-21,US_NY,1595,24,0,2091142,52555
2021-05-21,US_NY_NYC,348,14,0,782313,28027
2021-05-22,US_NY,1313,17,0,2092455,52572
2021-05-22,US_NY_NYC,233,17,0,782546,28044
2021-05-23,US_NY,1074,19,0,2093529,52591
2021-05-23,US_NY_NYC,187,12,0,782733,28056
2021-05-24,US_NY,964,30,0,2094493,52621
2021-05-24,US_NY_NYC,355,10,0,783088,28066
2021-05-25,US_NY,945,17,0,2095438,52638
2021-05-25,US_NY_NYC,305,6,0,783393,28072
2021-05-26,US_NY,882,26,0,2096320,52664
2021-05-26,US_NY_NYC,248,6,0,783641,28078
2021-05-27,US_NY,1145,21,0,2097465,52685
2021-05-27,US_NY_NYC,256,9,0,783897,28087
2021-05-28,US_NY,930,25,0,2098395,52710
2021-05-28,US_NY_NYC,210,12,0,784107,28099
2021-05-29,US_NY,866,14,0,2099261,52724
2021-05-29,US_NY_NYC,126,10,0,784233,28109
2021-05-30,US_NY,848,16,0,2100109,52740
2021-05-30,US_NY_NYC,120,8,0,784353,28117
2021-05-31,US_NY,524,18,0,2100633,52758
2021-05-31,US_NY_NYC,118,12,0,784471,28129
2021-06-01,US_NY,478,26,0,2101111,52784
2021-06-01,US_NY_NYC,288,13,0,784759,28142
2021-06-02,US_NY,403,9,0,2101514,52793
2021-06-02,US_NY_NYC,242,11,0,785001,28153
2021-06-03,US_NY,489,18,0,2102003,52811
2021-06-03,US_NY_NYC,206,12,0,785207,28165
2021-06-04,US_NY,757,29,0,2102760,52840
2021-06-04,US_NY_NYC,224,7,0,785431,28172
2021-06-05,US_NY,852,12,0,2103612,52852
2021-06-05,US_NY_NYC,142,6,0,785573,28178
2021-06-06,US_NY,491,33,0,2104103,52885
2021-06-06,US_NY_NYC,130,5,0,785703,28183
2021-06-07,US_NY,519,10,0,2104622,52895
2021-06-07,US_NY_NYC,219,7,0,785922,28190
2021-06-08,US_NY,459,11,0,2105081,52906
2021-06-08,US_NY_NYC,176,10,0,786098,28200
2021-06-09,US_NY,426,8,0,2105507,52914
2021-06-09,US_NY_NYC,211,9,0,786309,28209
2021-06-10,US_NY,549,13,0,2106056,52927
2021-06-10,US_NY_NYC,154,6,0,786463,28215
2021-06-11,US_NY,686,15,0,2106742,52942
2021-06-11,US_NY_NYC,189,6,0,786652,28221
2021-06-12,US_NY,430,16,0,2107172,52958
2021-06-12,US_NY_NYC,121,5,0,786773,28226
2021-06-13,US_NY,363,10,0,2107535,52968
2021-06-13,US_NY_NYC,113,6,0,786886,28232
2021-06-14,US_NY,377,9,0,2107912,52977
2021-06-14,US_NY_NYC,180,7,0,787066,28239
2021-06-15,US_NY,337,16,0,2108249,52993
2021-06-15,US_NY_NYC,179,6,0,787245,28245
2021-06-16,US_NY,286,2,0,2108535,52995
2021-06-16,US_NY_NYC,175,6,0,787420,28251
2021-06-17,US_NY,443,14,0,2108978,53009
2021-06-17,US_NY_NYC,186,9,0,787606,28260
2021-06-18,US_NY,415,8,0,2109393,53017
2021-06-18,US_NY_NYC,158,8,0,787764,28268
2021-06-19,US_NY,389,7,0,2109782,53024
2021-06-19,US_NY_NYC,107,11,0,787871,28279
2021-06-20,US_NY,287,2,0,2110069,53026
2021-06-20,US_NY_NYC,97,5,0,787968,28284
2021-06-21,US_NY,277,8,0,2110346,53034
2021-06-21,US_NY_NYC,169,3,0,788137,28287
2021-06-22,US_NY,266,14,0,2110612,53048
2021-06-22,US_NY_NYC,171,7,0,788308,28294
2021-06-23,US_NY,250,8,0,2110862,53056
2021-06-23,US_NY_NYC,186,5,0,788494,28299
2021-06-24,US_NY,383,-4,0,2111245,53052
2021-06-24,US_NY_NYC,175,5,0,788669,28304
2021-06-25,US_NY,343,8,0,2111588,53060
2021-06-25,US_NY_NYC,181,6,0,788850,28310
2021-06-26,US_NY,345,6,0,2111933,53066
2021-06-26,US_NY_NYC,118,3,0,788968,28313
2021-06-27,US_NY,374,15,0,2112307,53081
2021-06-27,US_NY_NYC,109,1,0,789077,28314
2021-06-28,US_NY,321,8,0,2112628,53089
2021-06-28,US_NY_NYC,205,6,0,789282,28320
2021-06-29,US_NY,244,4,0,2112872,53093
2021-06-29,US_NY_NYC,212,4,0,789494,28324
2021-06-30,US_NY,275,2,0,2113147,53095
2021-06-30,US_NY_NYC,225,4,0,789719,28328
2021-07-01,US_NY,397,12,0,2113544,53107
2021-07-01,US_NY_NYC,204,4,0,789923,28332
2021-07-02,US_NY,474,2,0,2114018,53109
2021-07-02,US_NY_NYC,232,7,0,790155,28339
2021-07-03,US_NY,279,0,0,2114297,53109
2021-07-03,US_NY_NYC,144,6,0,790299,28345
2021-07-04,US_NY,312,9,0,2114609,53118
2021-07-04,US_NY_NYC,120,4,0,790419,28349
2021-07-05,US_NY,376,4,0,2114985,53122
2021-07-05,US_NY_NYC,185,1,0,790604,28350
2021-07-06,US_NY,307,5,0,2115292,53127
2021-07-06,US_NY_NYC,361,3,0,790965,28353
2021-07-07,US_NY,341,7,0,2115633,53134
2021-07-07,US_NY_NYC,397,2,0,791362,28355
2021-07-08,US_NY,637,4,0,2116270,53138
2021-07-08,US_NY_NYC,367,2,0,791729,28357
2021-07-09,US_NY,754,4,0,2117024,53142
2021-07-09,US_NY_NYC,369,2,0,792098,28359
2021-07-10,US_NY,730,7,0,2117754,53149
2021-07-10,US_NY_NYC,236,2,0,792334,28361
2021-07-11,US_NY,811,2,0,2118565,53151
2021-07-11,US_NY_NYC,267,4,0,792601,28365
2021-07-12,US_NY,642,2,0,2119207,53153
2021-07-12,US_NY_NYC,473,4,0,793074,28369
2021-07-13,US_NY,668,6,0,2119875,53159
2021-07-13,US_NY_NYC,456,3,0,793530,28372
2021-07-14,US_NY,725,11,0,2120600,53170
2021-07-14,US_NY_NYC,544,2,0,794074,28374
2021-07-15,US_NY,929,5,0,2121529,53175
2021-07-15,US_NY_NYC,548,5,0,794622,28379
2021-07-16,US_NY,629,1,0,2122158,53176
2021-07-16,US_NY_NYC,551,5,0,795173,28384
2021-07-17,US_NY,1421,5,0,2123579,53181
2021-07-17,US_NY_NYC,340,6,0,795513,28390
2021-07-18,US_NY,1143,10,0,2124722,53191
2021-07-18,US_NY_NYC,387,2,0,795900,28392
2021-07-19,US_NY,941,4,0,2125663,53195
2021-07-19,US_NY_NYC,805,5,0,796705,28397
2021-07-20,US_NY,1112,5,0,2126775,53200
2021-07-20,US_NY_NYC,703,4,0,797408,28401
2021-07-21,US_NY,1092,7,0,2127867,53207
2021-07-21,US_NY_NYC,890,2,0,798298,28403
2021-07-22,US_NY,1611,7,0,2129478,53214
2021-07-22,US_NY_NYC,967,3,0,799265,28406
2021-07-23,US_NY,1698,2,0,2131176,53216
2021-07-23,US_NY_NYC,909,3,0,800174,28409
2021-07-24,US_NY,1868,3,0,2133044,53219
2021-07-24,US_NY_NYC,548,2,0,800722,28411
2021-07-25,US_NY,2032,9,0,2135076,53228
2021-07-25,US_NY_NYC,631,4,0,801353,28415
2021-07-26,US_NY,1526,7,0,2136602,53235
2021-07-26,US_NY_NYC,1215,1,0,802568,28416
2021-07-27,US_NY,1648,1,0,2138250,53236
2021-07-27,US_NY_NYC,1197,5,0,803765,28421
2021-07-28,US_NY,1800,12,0,2140050,53248
2021-07-28,US_NY_NYC,1238,6,0,805003,28427
2021-07-29,US_NY,2644,2,0,2142694,53250
2021-07-29,US_NY_NYC,1285,8,0,806288,28435
2021-07-30,US_NY,2615,7,0,2145309,53257
2021-07-30,US_NY_NYC,1275,10,0,807563,28445
2021-07-31,US_NY,3136,9,0,2148445,53266
2021-07-31,US_NY_NYC,846,4,0,808409,28449
2021-08-01,US_NY,2590,8,0,2151035,53274
2021-08-01,US_NY_NYC,823,11,0,809232,28460
2021-08-02,US_NY,2208,7,0,2153243,53281
2021-08-02,US_NY_NYC,1558,4,0,810790,28464
2021-08-03,US_NY,3062,13,0,2156305,53294
2021-08-03,US_NY_NYC,1571,3,0,812361,28467
2021-08-04,US_NY,2834,7,0,2159139,53301
2021-08-04,US_NY_NYC,1600,8,0,813961,28475
2021-08-05,US_NY,3442,14,0,2162581,53315
2021-08-05,US_NY_NYC,1521,6,0,815482,28481
2021-08-06,US_NY,3760,3,0,2166341,53318
2021-08-06,US_NY_NYC,1568,10,0,817050,28491
2021-08-07,US_NY,4537,13,0,2170878,53331
2021-08-07,US_NY_NYC,1141,13,0,818191,28504
2021-08-08,US_NY,3637,15,0,2174515,53346
2021-08-08,US_NY_NYC,1062,6,0,819253,28510
2021-08-09,US_NY,1681,6,0,2176196,53352
2021-08-09,US_NY_NYC,1881,9,0,821134,28519
2021-08-10,US_NY,1722,8,0,2177918,53360
2021-08-10,US_NY_NYC,1660,6,0,822794,28525
2021-08-11,US_NY,7224,40,0,2185142,53400
2021-08-11,US_NY_NYC,1745,6,0,824539,28531
2021-08-12,US_NY,4870,29,0,2190012,53429
2021-08-12,US_NY_NYC,1753,6,0,826292,28537
2021-08-13,US_NY,4634,10,0,2194646,53439
2021-08-13,US_NY_NYC,1592,9,0,827884,28546
2021-08-14,US_NY,4675,15,0,2199321,53454
2021-08-14,US_NY_NYC,1038,10,0,828922,28556
2021-08-15,US_NY,4038,22,0,2203359,53476
2021-08-15,US_NY_NYC,1135,6,0,830057,28562
2021-08-16,US_NY,4208,10,0,2207567,53486
2021-08-16,US_NY_NYC,1914,6,0,831971,28568
2021-08-17,US_NY,3528,33,0,2211095,53519
2021-08-17,US_NY_NYC,1728,14,0,833699,28582
2021-08-18,US_NY,4508,13,0,2215603,53532
2021-08-18,US_NY_NYC,1805,13,0,835504,28595
2021-08-19,US_NY,5070,16,0,2220673,53548
2021-08-19,US_NY_NYC,1678,13,0,837182,28608
2021-08-20,US_NY,3906,16,0,2224579,53564
2021-08-20,US_NY_NYC,1544,5,0,838726,28613
2021-08-21,US_NY,6175,37,0,2230754,53601
2021-08-21,US_NY_NYC,1081,16,0,839807,28629
2021-08-22,US_NY,4593,19,0,2235347,53620
2021-08-22,US_NY_NYC,715,9,0,840522,28638
2021-08-23,US_NY,3836,26,0,2239183,53646
2021-08-23,US_NY_NYC,1937,12,0,842459,28650
2021-08-24,US_NY,3494,16,0,2242677,53662
2021-08-24,US_NY_NYC,1824,11,0,844283,28661
2021-08-25,US_NY,3731,29,0,2246408,53691
2021-08-25,US_NY_NYC,1763,8,0,846046,28669
2021-08-26,US_NY,5371,31,0,2251779,53722
2021-08-26,US_NY_NYC,1630,13,0,847676,28682
2021-08-27,US_NY,6364,23,0,2258143,53745
2021-08-27,US_NY_NYC,1436,9,0,849112,28691
2021-08-28,US_NY,5583,24,0,2263726,53769
2021-08-28,US_NY_NYC,975,14,0,850087,28705
2021-08-29,US_NY,2636,23,0,2266362,53792
2021-08-29,US_NY_NYC,980,13,0,851067,28718
2021-08-30,US_NY,5972,31,0,2272334,53823
2021-08-30,US_NY_NYC,1825,13,0,852892,28731
2021-08-31,US_NY,3894,24,0,2276228,53847
2021-08-31,US_NY_NYC,1617,10,0,854509,28741
2021-09-01,US_NY,4126,28,0,2280354,53875
2021-09-01,US_NY_NYC,1551,13,0,856060,28754
2021-09-02,US_NY,5289,50,0,2285643,53925
2021-09-02,US_NY_NYC,1423,11,0,857483,28765
2021-09-03,US_NY,5919,24,0,2291562,53949
2021-09-03,US_NY_NYC,1408,8,0,858891,28773
2021-09-04,US_NY,3374,16,0,2294936,53965
2021-09-04,US_NY_NYC,900,12,0,859791,28785
2021-09-05,US_NY,6501,42,0,2301437,54007
2021-09-05,US_NY_NYC,943,12,0,860734,28797
2021-09-06,US_NY,3689,30,0,2305126,54037
2021-09-06,US_NY_NYC,937,17,0,861671,28814
2021-09-07,US_NY,3256,32,0,2308382,54069
2021-09-07,US_NY_NYC,1557,7,0,863228,28821
2021-09-08,US_NY,2455,19,0,2310837,54088
2021-09-08,US_NY_NYC,1579,20,0,864807,28841
2021-09-09,US_NY,6454,68,0,2317291,54156
2021-09-09,US_NY_NYC,1701,18,0,866508,28859
2021-09-10,US_NY,5883,18,0,2323174,54174
2021-09-10,US_NY_NYC,1533,15,0,868041,28874
2021-09-11,US_NY,6060,37,0,2329234,54211
2021-09-11,US_NY_NYC,1031,15,0,869072,28889
2021-09-12,US_NY,3735,19,0,2332969,54230
2021-09-12,US_NY_NYC,1205,12,0,870277,28901
2021-09-13,US_NY,5408,41,0,2338377,54271
2021-09-13,US_NY_NYC,1720,12,0,871997,28913
2021-09-14,US_NY,4113,46,0,2342490,54317
2021-09-14,US_NY_NYC,1628,9,0,873625,28922
2021-09-15,US_NY,4808,33,0,2347298,54350
2021-09-15,US_NY_NYC,1586,10,0,875211,28932
2021-09-16,US_NY,6730,45,0,2354028,54395
2021-09-16,US_NY_NYC,1379,11,0,876590,28943
2021-09-17,US_NY,6038,29,0,2360066,54424
2021-09-17,US_NY_NYC,1512,11,0,878102,28954
2021-09-18,US_NY,3286,17,0,2363352,54441
2021-09-18,US_NY_NYC,944,10,0,879046,28964
2021-09-19,US_NY,7724,38,0,2371076,54479
2021-09-19,US_NY_NYC,1049,16,0,880095,28980
2021-09-20,US_NY,3757,23,0,2374833,54502
2021-09-20,US_NY_NYC,1622,15,0,881717,28995
2021-09-21,US_NY,5331,57,0,2380164,54559
2021-09-21,US_NY_NYC,1280,13,0,882997,29008
2021-09-22,US_NY,4534,43,0,2384698,54602
2021-09-22,US_NY_NYC,1397,13,0,884394,29021
2021-09-23,US_NY,5037,39,0,2389735,54641
2021-09-23,US_NY_NYC,1269,11,0,885663,29032
2021-09-24,US_NY,6145,61,0,2395880,54702
2021-09-24,US_NY_NYC,1208,9,0,886871,29041
2021-09-25,US_NY,3798,16,0,2399678,54718
2021-09-25,US_NY_NYC,798,15,0,887669,29056
2021-09-26,US_NY,6788,51,0,2406466,54769
2021-09-26,US_NY_NYC,848,14,0,888517,29070
2021-09-27,US_NY,2826,16,0,2409292,54785
2021-09-27,US_NY_NYC,1374,16,0,889891,29086
2021-09-28,US_NY,5248,37,0,2414540,54822
2021-09-28,US_NY_NYC,1108,13,0,890999,29099
2021-09-29,US_NY,5016,64,0,2419556,54886
2021-09-29,US_NY_NYC,1085,13,0,892084,29112
2021-09-30,US_NY,4979,47,0,2424535,54933
2021-09-30,US_NY_NYC,1123,8,0,893207,29120
2021-10-01,US_NY,5818,43,0,2430353,54976
2021-10-01,US_NY_NYC,1077,7,0,894284,29127
2021-10-02,US_NY,3336,17,0,2433689,54993
2021-10-02,US_NY_NYC,661,12,0,894945,29139
2021-10-03,US_NY,3396,23,0,2437085,55016
2021-10-03,US_NY_NYC,888,12,0,895833,29151
2021-10-04,US_NY,6260,41,0,2443345,55057
2021-10-04,US_NY_NYC,1254,12,0,897087,29163
2021-10-05,US_NY,3924,33,0,2447269,55090
2021-10-05,US_NY_NYC,1263,6,0,898350,29169
2021-10-06,US_NY,6275,41,0,2453544,55131
2021-10-06,US_NY_NYC,1136,15,0,899486,29184
2021-10-07,US_NY,5602,19,0,2459146,55150
2021-10-07,US_NY_NYC,1064,13,0,900550,29197
2021-10-08,US_NY,5833,53,0,2464979,55203
2021-10-08,US_NY_NYC,1007,17,0,901557,29214
2021-10-09,US_NY,3539,26,0,2468518,55229
2021-10-09,US_NY_NYC,609,9,0,902166,29223
2021-10-10,US_NY,2077,24,0,2470595,55253
2021-10-10,US_NY_NYC,677,16,0,902843,29239
2021-10-11,US_NY,7882,51,0,2478477,55304
2021-10-11,US_NY_NYC,924,9,0,903767,29248
2021-10-12,US_NY,3253,43,0,2481730,55347
2021-10-12,US_NY_NYC,1120,3,0,904887,29251
2021-10-13,US_NY,4524,55,0,2486254,55402
2021-10-13,US_NY_NYC,1097,9,0,905984,29260
2021-10-14,US_NY,4514,45,0,2490768,55447
2021-10-14,US_NY_NYC,1003,8,0,906987,29268
2021-10-15,US_NY,6342,18,0,2497110,55465
2021-10-15,US_NY_NYC,851,6,0,907838,29274
2021-10-16,US_NY,4018,19,0,2501128,55484
2021-10-16,US_NY_NYC,471,6,0,908309,29280
2021-10-17,US_NY,3149,30,0,2504277,55514
2021-10-17,US_NY_NYC,556,8,0,908865,29288
2021-10-18,US_NY,5389,43,0,2509666,55557
2021-10-18,US_NY_NYC,823,9,0,909688,29297
2021-10-19,US_NY,3294,31,0,2512960,55588
2021-10-19,US_NY_NYC,753,11,0,910441,29308
2021-10-20,US_NY,4777,37,0,2517737,55625
2021-10-20,US_NY_NYC,750,6,0,911191,29314
2021-10-21,US_NY,4365,39,0,2522102,55664
2021-10-21,US_NY_NYC,704,9,0,911895,29323
2021-10-22,US_NY,3700,38,0,2525802,55702
2021-10-22,US_NY_NYC,579,7,0,912474,29330
2021-10-23,US_NY,3464,30,0,2529266,55732
2021-10-23,US_NY_NYC,339,5,0,912813,29335
2021-10-24,US_NY,2152,24,0,2531418,55756
2021-10-24,US_NY_NYC,346,6,0,913159,29341
2021-10-25,US_NY,5021,50,0,2536439,55806
2021-10-25,US_NY_NYC,931,9,0,1117403,34537
2021-10-26,US_NY,2496,34,0,2538935,55840
2021-10-26,US_NY_NYC,750,11,0,1118153,34548
